{
  "suggestions": [
    {
      "id": "1035774902361411734",
      "participantes": []
    },
    {
      "id": "1035775131068420106",
      "participantes": []
    },
    {
      "id": "1035775305052340264",
      "likes": [
        "265727811606544386"
      ],
      "unlikes": []
    },
    {
      "id": "1036408660185841694",
      "likes": [
        "943380767638179869",
        "265727811606544386"
      ],
      "unlikes": []
    },
    {
      "id": "1036414261565607998",
      "likes": [],
      "unlikes": []
    },
    {
      "id": "1036414389168914482",
      "likes": [],
      "unlikes": []
    },
    {
      "id": "1036414626063192064",
      "likes": [
        "265727811606544386"
      ],
      "unlikes": []
    },
    {
      "id": "1036416015871004722",
      "likes": [],
      "unlikes": []
    },
    {
      "id": "1036416161438498948",
      "likes": [
        "265727811606544386"
      ],
      "unlikes": []
    },
    {
      "id": "1036422161449091223",
      "likes": [],
      "unlikes": []
    }
  ]
}